row,date,cpu00,densityestimate,logdensityestimate
1,2026-06-10T10:15:33,5.94,5.498329906324179e-09,-8.25977
2,2026-06-10T10:15:34,14.29,0.004108290360881004,-2.38634
3,2026-06-10T10:15:35,13.64,0.0009100336865361433,-3.04094
4,2026-06-10T10:15:36,15.60,0.000180952416005889,-3.74244
5,2026-06-10T10:15:37,13.64,0.0072759748796570045,-2.13811
6,2026-06-10T10:15:38,13.51,0.004583381405175921,-2.33881
7,2026-06-10T10:15:39,13.51,0.005903912219046273,-2.22886
8,2026-06-10T10:15:40,15.79,0.0009497662251824754,-3.02238
9,2026-06-10T10:15:41,15.18,0.005586296160701996,-2.25288
10,2026-06-10T10:15:42,15.04,0.00010767416158776936,-3.96789
11,2026-06-10T10:15:43,9.52,0.0035200338859688106,-2.45345
12,2026-06-10T10:15:44,15.04,0.0035797085362663694,-2.44615
13,2026-06-10T10:15:45,8.57,0.008471908492883816,-2.07202
14,2026-06-10T10:15:46,12.73,0.00233455491254686,-2.6318
15,2026-06-10T10:15:47,13.64,0.006744604867446889,-2.17104
16,2026-06-10T10:15:48,13.51,0.002982535334240917,-2.52541
17,2026-06-10T10:15:49,11.93,0.0048472622371063465,-2.3145
18,2026-06-10T10:15:50,15.04,0.0017339450036034133,-2.76096
19,2026-06-10T10:15:51,13.64,0.010435095551730195,-1.9815
20,2026-06-10T10:15:52,14.29,0.0033339092875691936,-2.47705
21,2026-06-10T10:15:53,15.04,0.002616665158988143,-2.58225
22,2026-06-10T10:15:54,9.43,0.00275875016786196,-2.55929
23,2026-06-10T10:15:55,12.73,0.0036000247635717313,-2.44369
24,2026-06-10T10:15:56,13.64,0.002437966327883415,-2.61297
25,2026-06-10T10:15:57,15.04,0.008908812551838627,-2.05018
26,2026-06-10T10:15:58,12.73,0.004080289792371482,-2.38931
27,2026-06-10T10:15:59,13.51,0.0025606440982338485,-2.59165
28,2026-06-10T10:16:00,9.52,0.01118552229129075,-1.95134
29,2026-06-10T10:16:01,15.04,0.004477846946718362,-2.34893
30,2026-06-10T10:16:02,14.29,0.007274394055350043,-2.1382
31,2026-06-10T10:16:03,13.51,0.003532957206214465,-2.45186
32,2026-06-10T10:16:04,13.64,3.85583936810335e-07,-6.41388
33,2026-06-10T10:16:05,12.73,0.00045191575582112747,-3.34494
34,2026-06-10T10:16:06,10.28,0.008427754471629694,-2.07429
35,2026-06-10T10:16:07,11.11,0.009075737613572,-2.04212
36,2026-06-10T10:16:08,12.73,0.00904584647003488,-2.04355
37,2026-06-10T10:16:09,11.21,0.009761217515957151,-2.0105
38,2026-06-10T10:16:10,13.51,0.004201921748970948,-2.37655
39,2026-06-10T10:16:11,10.28,0.012392671742601735,-1.90684
40,2026-06-10T10:16:12,15.18,0.010208729320822537,-1.99103
41,2026-06-10T10:16:13,15.04,0.005517410204658267,-2.25826
42,2026-06-10T10:16:14,14.29,0.00556413252648675,-2.2546
43,2026-06-10T10:16:15,14.29,0.00205352536416089,-2.6875
44,2026-06-10T10:16:16,6.80,0.00928986126249961,-2.03199
45,2026-06-10T10:16:17,12.04,0.004634298998089326,-2.33402
46,2026-06-10T10:16:18,14.29,0.004956963267867028,-2.30478
47,2026-06-10T10:16:19,14.29,0.012359262168079373,-1.90801
48,2026-06-10T10:16:20,15.04,0.0036546392429835685,-2.43716
49,2026-06-10T10:16:21,15.18,0.008391461888268482,-2.07616
50,2026-06-10T10:16:22,9.43,0.007777264386606225,-2.10917
51,2026-06-10T10:16:23,12.73,0.004435705144323577,-2.35304
52,2026-06-10T10:16:24,15.04,0.0056465302693613295,-2.24822
53,2026-06-10T10:16:25,10.38,0.009584066988308385,-2.01845
54,2026-06-10T10:16:26,11.93,0.00987894642333943,-2.00529
55,2026-06-10T10:16:27,14.29,0.005997372452844845,-2.22204
56,2026-06-10T10:16:28,3.03,0.021717894598144945,-1.66318
57,2026-06-10T10:16:29,13.64,0.0017191086119311512,-2.7647
58,2026-06-10T10:16:30,11.11,0.005780256845306121,-2.23805
59,2026-06-10T10:16:31,8.57,0.003587446487458776,-2.44521
60,2026-06-10T10:16:32,15.04,0.008716574043549962,-2.05965
61,2026-06-10T10:16:33,10.38,0.007706750371090062,-2.11313
62,2026-06-10T10:16:34,6.80,0.02265917754143861,-1.64476
63,2026-06-10T10:16:36,13.64,0.016225773280092597,-1.78979
64,2026-06-10T10:16:37,11.11,0.012336829045572465,-1.9088
65,2026-06-10T10:16:38,15.04,0.010458582568752308,-1.98053
66,2026-06-10T10:16:39,6.80,0.014057579796594069,-1.85209
67,2026-06-10T10:16:40,11.21,0.005107022181411767,-2.29183
68,2026-06-10T10:16:41,3.03,0.013963692316476128,-1.855
69,2026-06-10T10:16:42,4.76,0.04751376591915699,-1.32318
70,2026-06-10T10:16:43,6.60,0.024227092534309696,-1.6157
71,2026-06-10T10:16:44,2.91,0.018938568717753675,-1.72265
72,2026-06-10T10:16:45,3.88,0.01766039211801686,-1.753
73,2026-06-10T10:16:46,1.96,0.03454703697172301,-1.46159
74,2026-06-10T10:16:48,15.93,0.03444282928793622,-1.4629
75,2026-06-10T10:16:49,16.67,0.012176155444580092,-1.91449
76,2026-06-10T10:16:50,15.93,0.011004991757955777,-1.95841
77,2026-06-10T10:16:51,14.41,0.00799924967660615,-2.09695
78,2026-06-10T10:16:52,16.52,0.003818980232146374,-2.41805
79,2026-06-10T10:16:53,16.07,0.006005296149893691,-2.22147
80,2026-06-10T10:16:54,15.93,0.004163214818436646,-2.38057
81,2026-06-10T10:16:56,16.67,0.014300526181944051,-1.84465
82,2026-06-10T10:16:57,12.04,0.013360382930956564,-1.87418
83,2026-06-10T10:16:58,10.81,0.005550769538725123,-2.25565
84,2026-06-10T10:17:00,9.91,0.014847341730565546,-1.82835
85,2026-06-10T10:17:01,11.21,0.001349738644687119,-2.86975
86,2026-06-10T10:17:02,16.07,0.0018719681954855307,-2.7277
87,2026-06-10T10:17:03,2.94,0.03145017003667496,-1.50238
88,2026-06-10T10:17:04,6.67,0.00264751799418585,-2.57716
89,2026-06-10T10:17:05,8.33,0.008954272351408318,-2.04797
90,2026-06-10T10:17:06,16.81,5.553486865651922e-06,-5.25543
91,2026-06-10T10:17:07,17.70,0.008585228770084684,-2.06625
92,2026-06-10T10:17:08,15.93,0.0021666613799216396,-2.66421
93,2026-06-10T10:17:09,16.67,0.010095384299137256,-1.99588
94,2026-06-10T10:17:10,16.07,0.004510704585739374,-2.34576
95,2026-06-10T10:17:11,15.74,0.00016139875201387979,-3.7921
96,2026-06-10T10:17:12,14.29,0.011164948968765256,-1.95214
97,2026-06-10T10:17:13,13.64,0.007093194029527307,-2.14916
98,2026-06-10T10:17:14,15.04,0.006557429275698019,-2.18327
99,2026-06-10T10:17:15,9.52,0.012882251726858227,-1.89001
100,2026-06-10T10:17:16,15.79,0.004994940179723883,-2.30147
101,2026-06-10T10:17:17,15.93,0.006729830779010414,-2.172
102,2026-06-10T10:17:18,13.51,0.007616959582166833,-2.11822
103,2026-06-10T10:17:19,13.64,0.013731724068257968,-1.86227
104,2026-06-10T10:17:20,13.51,0.014418856620323267,-1.84107
105,2026-06-10T10:17:21,8.65,0.01174591535309909,-1.93011
106,2026-06-10T10:17:22,14.29,0.002555772925096693,-2.59248
107,2026-06-10T10:17:23,15.18,0.009541281256231915,-2.02039
108,2026-06-10T10:17:24,13.51,0.0080568323307184,-2.09384
109,2026-06-10T10:17:25,13.64,0.004267202312404044,-2.36986
110,2026-06-10T10:17:26,12.73,0.002066667715738232,-2.68473
111,2026-06-10T10:17:27,12.04,4.970183920526583e-06,-5.30363
112,2026-06-10T10:17:28,15.04,0.014804687579097748,-1.8296
113,2026-06-10T10:17:29,15.04,0.010045330479157065,-1.99804
114,2026-06-10T10:17:30,14.41,0.006541066687641169,-2.18435
115,2026-06-10T10:17:31,13.51,0.0063953127914142165,-2.19414
116,2026-06-10T10:17:32,12.84,0.008771742523742767,-2.05691
117,2026-06-10T10:17:33,11.11,0.0075428673782608835,-2.12246
118,2026-06-10T10:17:34,15.93,0.0055305721089811185,-2.25723
119,2026-06-10T10:17:35,12.84,0.008440438893410852,-2.07363
120,2026-06-10T10:17:36,13.51,0.008393143638817694,-2.07608
121,2026-06-10T10:17:37,15.04,0.0055676713122858575,-2.25433
122,2026-06-10T10:17:38,13.64,0.010792938162375107,-1.96686
123,2026-06-10T10:17:39,10.28,0.004074385434354,-2.38994
124,2026-06-10T10:17:40,15.18,0.009291814934213743,-2.0319
125,2026-06-10T10:17:41,14.29,0.0013894532368402763,-2.85716
126,2026-06-10T10:17:42,13.64,0.004195533709341783,-2.37721
127,2026-06-10T10:17:43,14.29,0.003113438765679188,-2.50676
128,2026-06-10T10:17:45,14.29,0.009515031454166144,-2.02159
129,2026-06-10T10:17:46,15.93,0.00687301632717171,-2.16285
130,2026-06-10T10:17:47,14.29,0.013811633049876136,-1.85975
131,2026-06-10T10:17:48,14.29,0.006026049141359728,-2.21997
132,2026-06-10T10:17:49,15.79,0.00549710185069584,-2.25987
133,2026-06-10T10:17:50,15.18,0.005050273986382496,-2.29669
134,2026-06-10T10:17:51,11.93,0.00756682003420063,-2.12109
135,2026-06-10T10:17:52,15.04,0.0032647355427273548,-2.48615
136,2026-06-10T10:17:53,15.04,0.008647181499908719,-2.06313
137,2026-06-10T10:17:54,15.18,0.004883984205198007,-2.31123
138,2026-06-10T10:17:55,15.79,0.011548891468419076,-1.93746
139,2026-06-10T10:17:56,15.04,0.006785315526573442,-2.16843
140,2026-06-10T10:17:57,13.64,0.010347883976138974,-1.98515
141,2026-06-10T10:17:58,16.52,0.003978053563171027,-2.40033
142,2026-06-10T10:17:59,14.29,0.013646321413436269,-1.86498
143,2026-06-10T10:18:00,14.29,0.006139860278417788,-2.21184
144,2026-06-10T10:18:01,15.04,0.011052513266173725,-1.95654
145,2026-06-10T10:18:02,15.93,0.011265299138778348,-1.94826
146,2026-06-10T10:18:03,11.93,0.00393485711119691,-2.40507
147,2026-06-10T10:18:04,14.29,0.009795685697856485,-2.00897
148,2026-06-10T10:18:05,13.64,0.00913237330624152,-2.03942
149,2026-06-10T10:18:06,15.04,0.006475715842506511,-2.18871
150,2026-06-10T10:18:07,15.04,0.00538126719461584,-2.26912
151,2026-06-10T10:18:08,15.79,0.00715568152364039,-2.14535
152,2026-06-10T10:18:09,14.41,0.008724414850351737,-2.05926
153,2026-06-10T10:18:10,16.52,0.005956387922720103,-2.22502
154,2026-06-10T10:18:11,14.29,0.009747139939211396,-2.01112
155,2026-06-10T10:18:12,15.79,0.0016494689318655542,-2.78266
156,2026-06-10T10:18:13,15.04,0.011374910261769861,-1.94405
157,2026-06-10T10:18:14,15.18,0.01358928214819055,-1.8668
158,2026-06-10T10:18:15,11.11,0.011231034888802704,-1.94958
159,2026-06-10T10:18:16,14.29,0.010598877587373498,-1.97474
160,2026-06-10T10:18:17,15.04,0.010931746033758086,-1.96131
161,2026-06-10T10:18:18,15.18,0.009689280189728111,-2.01371
162,2026-06-10T10:18:19,11.93,0.01308671371897518,-1.88317
163,2026-06-10T10:18:20,16.52,0.008525390475353367,-2.06929
164,2026-06-10T10:18:21,14.41,0.007628205835850062,-2.11758
165,2026-06-10T10:18:22,14.29,0.01324642083128559,-1.8779
166,2026-06-10T10:18:23,13.51,0.014681472360072905,-1.83323
167,2026-06-10T10:18:24,13.64,0.006863971699024896,-2.16342
168,2026-06-10T10:18:25,13.51,0.005359137159965893,-2.27091
169,2026-06-10T10:18:26,16.52,0.01079751264925675,-1.96668
170,2026-06-10T10:18:27,12.04,0.01367530079829296,-1.86406
171,2026-06-10T10:18:28,12.73,0.011228133663951523,-1.94969
172,2026-06-10T10:18:29,15.79,0.005962087551360898,-2.2246
173,2026-06-10T10:18:30,12.84,0.013100037461870204,-1.88273
174,2026-06-10T10:18:31,15.04,0.012426627182756089,-1.90565
175,2026-06-10T10:18:32,15.04,0.006816489756091023,-2.16644
176,2026-06-10T10:18:33,15.18,0.00014702720786741595,-3.8326
177,2026-06-10T10:18:34,13.51,0.009355937763186982,-2.02891
178,2026-06-10T10:18:35,15.79,0.004667812869473378,-2.33089
179,2026-06-10T10:18:36,14.29,0.012426038381678236,-1.90567
180,2026-06-10T10:18:37,12.73,0.009951855222566352,-2.0021
181,2026-06-10T10:18:38,10.38,0.01568001361180725,-1.80465
182,2026-06-10T10:18:39,15.04,0.008422699472987938,-2.07455
183,2026-06-10T10:18:40,5.88,0.023383390556111255,-1.63109
184,2026-06-10T10:18:41,11.93,0.01480813716668981,-1.8295
185,2026-06-10T10:18:42,14.41,0.006576820045668033,-2.18198
186,2026-06-10T10:18:43,13.51,0.010633960138463922,-1.9733
187,2026-06-10T10:18:44,11.93,0.009619177973341284,-2.01686
188,2026-06-10T10:18:45,15.79,0.008744962494416598,-2.05824
189,2026-06-10T10:18:46,10.38,0.0026079628007922954,-2.5837
190,2026-06-10T10:18:47,10.28,0.005719658481112094,-2.24263
191,2026-06-10T10:18:48,12.73,0.006570949068093705,-2.18237
192,2026-06-10T10:18:49,12.04,0.005403415504075827,-2.26733
193,2026-06-10T10:18:50,11.11,0.010564276119894956,-1.97616
194,2026-06-10T10:18:51,15.04,0.005828992290629632,-2.23441
195,2026-06-10T10:18:52,13.64,0.008983141197234763,-2.04657
196,2026-06-10T10:18:53,10.28,0.010489638363358771,-1.97924
197,2026-06-10T10:18:54,15.79,0.0005597859652939535,-3.25198
198,2026-06-10T10:18:55,12.04,0.009401065192596581,-2.02682
199,2026-06-10T10:18:56,12.73,0.009643750011198169,-2.01575
200,2026-06-10T10:18:57,13.51,0.007508397612043832,-2.12445
201,2026-06-10T10:18:58,15.04,0.010077674049907682,-1.99664
202,2026-06-10T10:18:59,15.18,0.012895709251422622,-1.88955
203,2026-06-10T10:19:00,14.29,0.011049736454396861,-1.95665
204,2026-06-10T10:19:01,14.29,0.009024662696863507,-2.04457
205,2026-06-10T10:19:02,14.41,0.011309405224169374,-1.94656
206,2026-06-10T10:19:03,14.29,0.010040161400906172,-1.99826
207,2026-06-10T10:19:04,11.93,0.013516023194609648,-1.86915
208,2026-06-10T10:19:05,12.73,0.009957855005606918,-2.00183
209,2026-06-10T10:19:06,12.04,0.0046101320985402275,-2.33629
210,2026-06-10T10:19:07,15.04,0.00449793609037503,-2.34699
211,2026-06-10T10:19:08,15.79,0.0038432011231974528,-2.41531
212,2026-06-10T10:19:09,14.29,0.004136312073865251,-2.38339
213,2026-06-10T10:19:10,12.84,0.009242661383860658,-2.0342
214,2026-06-10T10:19:11,13.51,0.005967605514009982,-2.2242
215,2026-06-10T10:19:12,9.00,0.0008609875510042105,-3.065
216,2026-06-10T10:19:13,18.52,1.2804095885086415e-05,-4.89265
217,2026-06-10T10:19:14,17.70,0.0005916263524830374,-3.22795
218,2026-06-10T10:19:15,16.67,0.007048023079829947,-2.15193
219,2026-06-10T10:19:16,15.93,0.009087543087696109,-2.04155
220,2026-06-10T10:19:17,16.36,0.0003849399770724759,-3.41461
221,2026-06-10T10:19:18,16.67,0.011751260921126905,-1.92992
222,2026-06-10T10:19:19,15.18,0.005775163035337216,-2.23844
223,2026-06-10T10:19:20,16.67,0.004452212174151041,-2.35142
224,2026-06-10T10:19:21,15.93,0.00509843744986639,-2.29256
225,2026-06-10T10:19:22,15.74,9.075068136333791e-05,-4.04215
226,2026-06-10T10:19:23,13.51,0.007928398616838524,-2.10081
227,2026-06-10T10:19:24,11.93,0.009081990436083428,-2.04182
228,2026-06-10T10:19:25,15.04,0.011824697848448163,-1.92721
229,2026-06-10T10:19:26,15.93,0.014136548280127127,-1.84966
230,2026-06-10T10:19:27,14.29,0.00708127473635104,-2.14989
231,2026-06-10T10:19:28,15.79,0.015604430085384483,-1.80675
232,2026-06-10T10:19:29,17.27,0.0003264450569493683,-3.48619
233,2026-06-10T10:19:30,15.18,0.004074016056163514,-2.38998
234,2026-06-10T10:19:31,14.41,0.010534911991013007,-1.97737
235,2026-06-10T10:19:32,15.18,0.00779005654002652,-2.10846
236,2026-06-10T10:19:33,15.18,0.01118250392539956,-1.95146
237,2026-06-10T10:19:34,15.93,0.0015554168370934688,-2.80815
238,2026-06-10T10:19:35,15.18,0.010880862247025362,-1.96334
239,2026-06-10T10:19:36,16.67,0.0018078788789508866,-2.74283
240,2026-06-10T10:19:37,15.93,0.00338874055132031,-2.46996
241,2026-06-10T10:19:38,16.81,0.009641068787758209,-2.01587
242,2026-06-10T10:19:39,14.81,0.0006203959223343474,-3.20733
243,2026-06-10T10:19:40,16.67,0.016148446231112817,-1.79187
244,2026-06-10T10:19:41,16.67,0.010933183738914649,-1.96125
245,2026-06-10T10:19:42,16.67,0.011372603723287304,-1.94414
246,2026-06-10T10:19:43,16.81,0.004727246961008234,-2.32539
247,2026-06-10T10:19:44,15.79,0.014367333188323396,-1.84262
248,2026-06-10T10:19:45,16.07,0.008991087400767846,-2.04619
249,2026-06-10T10:19:46,16.67,0.006707560030051314,-2.17344
250,2026-06-10T10:19:47,16.67,0.011771699175395401,-1.92916
251,2026-06-10T10:19:48,15.93,0.008979936308845615,-2.04673
252,2026-06-10T10:19:49,15.93,0.004561129674264617,-2.34093
253,2026-06-10T10:19:50,17.54,0.008356637441675285,-2.07797
254,2026-06-10T10:19:51,15.93,0.01424916040244133,-1.84621
255,2026-06-10T10:19:52,16.67,0.0003671246916726579,-3.43519
256,2026-06-10T10:19:53,18.92,0.0003611508084922292,-3.44231
257,2026-06-10T10:19:54,15.93,0.00581942850239564,-2.23512
258,2026-06-10T10:19:55,16.67,0.011000212437406422,-1.9586
259,2026-06-10T10:19:56,17.24,0.012705490665647799,-1.89601
260,2026-06-10T10:19:57,15.93,0.009084847098497101,-2.04168
261,2026-06-10T10:19:58,16.07,0.0037535214752461694,-2.42556
262,2026-06-10T10:19:59,17.39,0.009125729970192646,-2.03973
263,2026-06-10T10:20:00,16.67,0.009618299473660536,-2.0169
264,2026-06-10T10:20:01,16.67,0.005234496699826967,-2.28113
265,2026-06-10T10:20:02,14.29,2.5600974834577473e-05,-4.59174
266,2026-06-10T10:20:03,8.65,4.266301732203372e-06,-5.36995
267,2026-06-10T10:20:04,8.65,0.012936156147501874,-1.88819
268,2026-06-10T10:20:05,13.51,0.007001795741087923,-2.15479
269,2026-06-10T10:20:06,14.29,0.006217605092140232,-2.20638
270,2026-06-10T10:20:07,9.52,0.006524646318980144,-2.18544
271,2026-06-10T10:20:08,11.93,0.00711170539259458,-2.14803
272,2026-06-10T10:20:09,13.51,0.0029152318220429024,-2.53533
273,2026-06-10T10:20:10,9.43,0.002708490917430844,-2.56727
274,2026-06-10T10:20:11,7.69,0.008623211998812476,-2.06433
275,2026-06-10T10:20:12,13.64,0.005658485139279055,-2.2473
276,2026-06-10T10:20:13,18.35,0.00010195568750546468,-3.99159
277,2026-06-10T10:20:14,15.93,0.006753432278333081,-2.17048
278,2026-06-10T10:20:15,16.67,0.005790515219860463,-2.23728
279,2026-06-10T10:20:16,16.67,0.005954878917894201,-2.22513
280,2026-06-10T10:20:17,16.67,0.0023133336272981803,-2.63576
281,2026-06-10T10:20:18,17.39,0.005258186664424872,-2.27916
282,2026-06-10T10:20:19,14.29,0.00023299765467368867,-3.63265
283,2026-06-10T10:20:20,14.29,0.00720974321026018,-2.14208
284,2026-06-10T10:20:21,13.64,0.005644603581057948,-2.24837
285,2026-06-10T10:20:22,15.79,0.006676768650862212,-2.17543
286,2026-06-10T10:20:23,14.29,0.011060315223080534,-1.95623
287,2026-06-10T10:20:24,7.69,0.008289542649253225,-2.08147
288,2026-06-10T10:20:25,16.67,0.006607665186063023,-2.17995
289,2026-06-10T10:20:26,15.18,0.002001786944191607,-2.69858
290,2026-06-10T10:20:27,14.29,0.01129163667147458,-1.94724
291,2026-06-10T10:20:29,14.41,0.008460198688391065,-2.07262
292,2026-06-10T10:20:30,15.93,0.0011927173189178362,-2.92346
293,2026-06-10T10:20:31,11.93,0.007686030958922042,-2.1143
294,2026-06-10T10:20:32,14.41,0.005977893615655615,-2.22345
295,2026-06-10T10:20:33,14.41,0.006610469251869362,-2.17977
296,2026-06-10T10:20:34,14.41,0.008231146700966077,-2.08454
297,2026-06-10T10:20:35,14.29,0.005947606513176619,-2.22566
298,2026-06-10T10:20:36,16.67,0.006430022651407846,-2.19179
299,2026-06-10T10:20:37,11.11,0.010536342391730265,-1.97731
300,2026-06-10T10:20:38,12.73,0.014543063968377956,-1.83734
301,2026-06-10T10:20:39,16.67,0.008639290515920092,-2.06352
302,2026-06-10T10:20:40,13.51,0.007501439743495699,-2.12486
303,2026-06-10T10:20:41,10.38,0.003072788063139662,-2.51247
304,2026-06-10T10:20:42,18.58,0.0005756047103853498,-3.23988
305,2026-06-10T10:20:43,15.04,0.009082257784740047,-2.04181
306,2026-06-10T10:20:45,13.51,0.012466446759317297,-1.90426
307,2026-06-10T10:20:46,14.29,0.0012620659605036809,-2.89892
308,2026-06-10T10:20:47,14.29,0.007589946257952484,-2.11976
309,2026-06-10T10:20:48,12.04,0.015970464497026642,-1.79668
310,2026-06-10T10:20:49,15.79,0.00621064174670473,-2.20686
311,2026-06-10T10:20:50,13.64,0.002250212911905685,-2.64778
312,2026-06-10T10:20:51,9.43,0.0070775696413779305,-2.15012
313,2026-06-10T10:20:52,14.29,0.00396183800904499,-2.4021
314,2026-06-10T10:20:53,13.64,0.010384062451720447,-1.98363
315,2026-06-10T10:20:54,14.29,0.00539893705298533,-2.26769
316,2026-06-10T10:20:55,14.29,0.00765544980416282,-2.11603
317,2026-06-10T10:20:56,15.18,0.009454618809282129,-2.02436
318,2026-06-10T10:20:57,15.79,0.0045971098341088335,-2.33752
319,2026-06-10T10:20:58,12.84,0.008430527315953859,-2.07415
320,2026-06-10T10:20:59,12.73,0.00019829008365030232,-3.7027
321,2026-06-10T10:21:00,12.84,0.0038013248535990287,-2.42007
322,2026-06-10T10:21:01,13.51,0.005114159810669281,-2.29123
323,2026-06-10T10:21:02,14.41,0.004503129249630115,-2.34649
324,2026-06-10T10:21:03,14.29,0.006139436018839144,-2.21187
325,2026-06-10T10:21:04,13.51,0.010750531212637391,-1.96857
326,2026-06-10T10:21:05,9.43,0.006478811438360776,-2.1885
327,2026-06-10T10:21:06,15.93,0.0005915477703331895,-3.22801
328,2026-06-10T10:21:07,14.29,0.010190601382843487,-1.9918
329,2026-06-10T10:21:08,14.41,0.002085752446263021,-2.68074
330,2026-06-10T10:21:09,13.51,0.016134233717999016,-1.79225
331,2026-06-10T10:21:10,15.79,0.0028104069900362276,-2.55123
332,2026-06-10T10:21:11,14.41,0.007120642155904926,-2.14748
333,2026-06-10T10:21:12,11.93,0.009395798117525115,-2.02707
334,2026-06-10T10:21:13,16.67,0.004443113558762745,-2.35231
335,2026-06-10T10:21:14,15.04,0.011342552204233034,-1.94529
336,2026-06-10T10:21:15,12.84,0.005940862550439992,-2.22615
337,2026-06-10T10:21:16,15.04,0.00038585586425709536,-3.41357
338,2026-06-10T10:21:17,15.04,0.012138967705497506,-1.91582
339,2026-06-10T10:21:18,12.84,0.00761924570965657,-2.11809
340,2026-06-10T10:21:19,11.93,0.016190717324257732,-1.79073
341,2026-06-10T10:21:20,15.18,0.00877832284523152,-2.05659
342,2026-06-10T10:21:21,13.51,0.006712763787313971,-2.1731
343,2026-06-10T10:21:22,15.18,0.0033003908440814586,-2.48143
344,2026-06-10T10:21:23,14.29,0.0036061252767416656,-2.44296
345,2026-06-10T10:21:24,16.52,0.006403181758402025,-2.1936
346,2026-06-10T10:21:25,16.67,0.0001628925063143653,-3.7881
347,2026-06-10T10:21:26,12.04,0.003118602402424449,-2.50604
348,2026-06-10T10:21:27,16.52,0.007310413192878985,-2.13606
349,2026-06-10T10:21:28,14.29,0.001642436280265804,-2.78451
350,2026-06-10T10:21:29,14.41,0.008594748406751201,-2.06577
351,2026-06-10T10:21:30,14.41,0.0007955380751913345,-3.09934
352,2026-06-10T10:21:31,15.79,0.0064696487164349,-2.18912
353,2026-06-10T10:21:32,12.84,0.011160598855585697,-1.95231
354,2026-06-10T10:21:33,9.43,3.0217492474894807e-06,-5.51974
355,2026-06-10T10:21:34,17.39,0.01218030617494176,-1.91434
356,2026-06-10T10:21:35,15.93,0.005947042364080331,-2.2257
357,2026-06-10T10:21:36,14.00,2.4675139694515255e-07,-6.60774
358,2026-06-10T10:21:37,7.77,0.012507400485285751,-1.90283
359,2026-06-10T10:21:38,15.18,0.0035346189657746033,-2.45166
360,2026-06-10T10:21:39,16.07,0.00016791103484702365,-3.77492
361,2026-06-10T10:21:40,13.89,0.0036545095432035713,-2.43717
362,2026-06-10T10:21:41,14.55,8.343665924764196e-05,-4.07864
363,2026-06-10T10:21:42,15.93,0.003578803010228437,-2.44626
364,2026-06-10T10:21:43,15.93,0.016572954102583595,-1.7806
365,2026-06-10T10:21:44,15.45,0.00984918875997753,-2.0066
366,2026-06-10T10:21:45,10.58,1.5534980769344085e-09,-8.80869
367,2026-06-10T10:21:46,64.44,7.001776357388123e-11,-10.1548
368,2026-06-10T10:21:47,84.52,2.091567949928767e-05,-4.67953
369,2026-06-10T10:21:48,100.00,7.76634749196557e-06,-5.10978
370,2026-06-10T10:21:49,57.30,1.873849640546262e-11,-10.7273
371,2026-06-10T10:21:50,60.00,4.1385046597266144e-10,-9.38316
372,2026-06-10T10:21:51,0.00,1.0473375128189658e-11,-10.9799
373,2026-06-10T10:21:52,47.44,2.4216498984115085e-11,-10.6159
374,2026-06-10T10:21:53,42.86,1.0678432620251205e-14,-13.9715
375,2026-06-10T10:21:54,2.13,1.0248154406326086e-28,-27.9894
376,2026-06-10T10:21:55,20.88,1.4414616981782856e-18,-17.8412
377,2026-06-10T10:21:56,20.21,2.5859563049987537e-10,-9.58738
378,2026-06-10T10:21:57,8.51,2.9620666758379824e-36,-35.5284
379,2026-06-10T10:21:58,25.53,1.9538545732092248e-20,-19.7091
380,2026-06-10T10:21:59,13.83,2.3446805436729253e-16,-15.6299
381,2026-06-10T10:22:00,1.08,1.097553520187613e-21,-20.9596
382,2026-06-10T10:22:01,2.13,3.481640899332424e-27,-26.4582
383,2026-06-10T10:22:02,15.62,2.2104256387924277e-18,-17.6555
384,2026-06-10T10:22:03,15.79,1.0811844151638702e-15,-14.9661
385,2026-06-10T10:22:04,2.15,6.1600150334008445e-18,-17.2104
386,2026-06-10T10:22:05,41.67,6.28076586518336e-14,-13.202
387,2026-06-10T10:22:06,40.21,9.060879422883183e-16,-15.0428
388,2026-06-10T10:22:07,35.05,3.0378974997014477e-16,-15.5174
389,2026-06-10T10:22:08,48.98,4.406496531434886e-34,-33.3559
390,2026-06-10T10:22:09,13.40,2.7274192634086338e-12,-11.5642
391,2026-06-10T10:22:10,1.01,0.049406140477384695,-1.30622
392,2026-06-10T10:22:11,6.06,0.020084464119655865,-1.69714
393,2026-06-10T10:22:12,7.00,0.01752924172295179,-1.75624
394,2026-06-10T10:22:13,6.12,0.009294060015696857,-2.03179
395,2026-06-10T10:22:14,6.06,0.029410135674324725,-1.5315
396,2026-06-10T10:22:15,6.12,0.017261420258661668,-1.76292
397,2026-06-10T10:22:16,0.00,0.015801077535652575,-1.80131
398,2026-06-10T10:22:17,0.00,0.017085463789156524,-1.76737
399,2026-06-10T10:22:18,1.01,0.022771875115943543,-1.6426
400,2026-06-10T10:22:19,1.02,0.01402089903309198,-1.85322
401,2026-06-10T10:22:20,0.00,0.0033426060715939046,-2.47591
402,2026-06-10T10:22:21,2.00,0.01966420349576617,-1.70632
403,2026-06-10T10:22:22,0.00,0.000444944676446817,-3.35169
404,2026-06-10T10:22:23,0.00,0.021041525685817363,-1.67692
405,2026-06-10T10:22:25,2.02,0.010852266333826811,-1.96448
406,2026-06-10T10:22:26,0.00,0.0066461561812398455,-2.17743
407,2026-06-10T10:22:27,2.00,0.009689793124446565,-2.01369
408,2026-06-10T10:22:28,0.00,0.014002232696758059,-1.8538
409,2026-06-10T10:22:29,4.04,0.0006752358349748339,-3.17054
410,2026-06-10T10:22:30,2.02,0.01652901344821569,-1.78175
411,2026-06-10T10:22:31,0.00,0.007832284762349475,-2.10611
412,2026-06-10T10:22:32,1.01,0.012576365130472469,-1.90044
413,2026-06-10T10:22:33,1.02,0.006873408513062966,-2.16283
414,2026-06-10T10:22:34,1.02,0.00310966447828447,-2.50729
415,2026-06-10T10:22:35,1.01,0.019512893654491676,-1.70968
416,2026-06-10T10:22:36,1.03,0.010086950498422214,-1.99624
417,2026-06-10T10:22:37,5.00,0.004644105746958042,-2.3331
418,2026-06-10T10:22:38,0.00,0.002280370050591987,-2.64199
419,2026-06-10T10:22:39,0.00,0.014916169361049635,-1.82634
420,2026-06-10T10:22:40,1.01,0.009743773397597561,-2.01127
421,2026-06-10T10:22:41,0.00,0.021501599665475123,-1.66753
422,2026-06-10T10:22:42,1.04,3.9645656620358395e-11,-10.4018
423,2026-06-10T10:22:43,1.01,0.034523505536472175,-1.46189
424,2026-06-10T10:22:44,0.00,0.0006456021820190929,-3.19004
425,2026-06-10T10:22:45,0.00,0.009694934995942492,-2.01346
426,2026-06-10T10:22:46,1.01,0.003896685604025054,-2.4093
427,2026-06-10T10:22:47,0.00,1.5781294614587714e-05,-4.80186
428,2026-06-10T10:22:48,1.02,0.006329274087869152,-2.19865
429,2026-06-10T10:22:49,1.01,0.018495499083116578,-1.73293
430,2026-06-10T10:22:50,0.00,0.014391490919635543,-1.84189
431,2026-06-10T10:22:51,0.00,0.018370874177604093,-1.73587
432,2026-06-10T10:22:52,0.00,0.01739025133563206,-1.75969
433,2026-06-10T10:22:53,0.00,0.01743151660349888,-1.75866
434,2026-06-10T10:22:54,1.01,0.008021290643953996,-2.09576
435,2026-06-10T10:22:55,0.00,0.006726112285240143,-2.17224
436,2026-06-10T10:22:56,0.00,0.013290935404659426,-1.87644
437,2026-06-10T10:22:57,0.00,0.015473962790668955,-1.8104
438,2026-06-10T10:22:58,2.00,0.011538129755859213,-1.93786
439,2026-06-10T10:22:59,0.00,0.008799839691690544,-2.05553
440,2026-06-10T10:23:00,1.01,0.025567990782433953,-1.5923
441,2026-06-10T10:23:01,1.01,0.0023781886969310834,-2.62375
442,2026-06-10T10:23:02,2.04,0.015030163611005483,-1.82304
443,2026-06-10T10:23:03,0.00,0.003967181937621101,-2.40152
444,2026-06-10T10:23:04,0.00,0.015847197399234392,-1.80005
445,2026-06-10T10:23:05,3.06,0.0008634830563433246,-3.06375
446,2026-06-10T10:23:06,1.02,0.013358104324439735,-1.87426
447,2026-06-10T10:23:07,0.00,0.002161695099982269,-2.66521
448,2026-06-10T10:23:08,1.01,0.0033850958948673827,-2.47043
449,2026-06-10T10:23:09,0.00,0.017745535595173393,-1.75091
450,2026-06-10T10:23:10,1.02,0.013590981401395693,-1.86675
451,2026-06-10T10:23:11,1.01,0.00010108314843408781,-3.99532
452,2026-06-10T10:23:12,2.06,0.0017162136099878676,-2.76543
453,2026-06-10T10:23:13,2.02,0.00848281842311712,-2.07146
454,2026-06-10T10:23:14,0.00,0.006923442878692758,-2.15968
455,2026-06-10T10:23:15,0.00,0.009930745898246723,-2.00302
456,2026-06-10T10:23:17,0.00,3.5061645179717975e-05,-4.45517
457,2026-06-10T10:23:18,3.06,0.005446534330610975,-2.26388
458,2026-06-10T10:23:19,1.03,0.004602005377939734,-2.33705
459,2026-06-10T10:23:20,5.15,0.0016874979066301909,-2.77276
460,2026-06-10T10:23:21,1.02,0.011247941974049634,-1.94893
461,2026-06-10T10:23:22,2.00,0.02248967331723497,-1.64802
462,2026-06-10T10:23:23,0.00,0.006220720525368044,-2.20616
463,2026-06-10T10:23:24,0.00,0.00308523006835367,-2.51071
464,2026-06-10T10:23:25,3.06,0.0013408517614206424,-2.87262
465,2026-06-10T10:23:26,1.02,0.011799223342301346,-1.92815
466,2026-06-10T10:23:27,1.01,0.012106731272578839,-1.91697
467,2026-06-10T10:23:28,1.02,0.01942488816719943,-1.71164
468,2026-06-10T10:23:29,1.01,0.014187547514468492,-1.84809
469,2026-06-10T10:23:30,1.02,0.02467728486869036,-1.6077
470,2026-06-10T10:23:31,0.00,0.003161968019851285,-2.50004
471,2026-06-10T10:23:33,1.02,0.020270566171972225,-1.69313
472,2026-06-10T10:23:34,0.00,0.002096616738682693,-2.67848
473,2026-06-10T10:23:35,1.02,0.00010307824185192021,-3.98683
474,2026-06-10T10:23:36,1.01,0.00033016115286709955,-3.48127
475,2026-06-10T10:23:37,5.05,0.007811276785076998,-2.10728
476,2026-06-10T10:23:38,1.01,0.0016064485620339419,-2.79413
477,2026-06-10T10:23:39,0.00,0.020293984529959903,-1.69263
478,2026-06-10T10:23:41,1.01,0.027002383595103208,-1.5686
479,2026-06-10T10:23:42,1.02,0.01961071693664187,-1.70751
480,2026-06-10T10:23:43,1.01,0.00953578849597275,-2.02064
481,2026-06-10T10:23:45,1.02,0.008583102584835056,-2.06636
482,2026-06-10T10:23:46,1.02,0.019715579240189407,-1.70519
483,2026-06-10T10:23:47,1.01,0.012034042071974454,-1.91959
484,2026-06-10T10:23:48,1.02,0.009925416379904406,-2.00325
485,2026-06-10T10:23:49,2.00,0.01270729081308884,-1.89595
486,2026-06-10T10:23:50,1.02,0.009229259758432183,-2.03483
487,2026-06-10T10:23:51,0.00,0.005466398403244701,-2.2623
488,2026-06-10T10:23:52,0.00,0.021329779566545335,-1.67101
489,2026-06-10T10:23:53,1.02,0.031490387171576706,-1.50182
490,2026-06-10T10:23:54,0.00,0.013314501507831526,-1.87568
491,2026-06-10T10:23:55,1.01,0.006116213945298044,-2.21352
492,2026-06-10T10:23:56,1.02,0.011616726057273128,-1.93492
493,2026-06-10T10:23:57,2.00,0.013123935533703232,-1.88194
494,2026-06-10T10:23:58,1.01,0.012229726049419052,-1.91258
495,2026-06-10T10:23:59,2.02,0.02383264104931263,-1.62283
496,2026-06-10T10:24:00,0.00,0.017336518944636458,-1.76104
497,2026-06-10T10:24:01,2.00,0.009703410830337366,-2.01308
498,2026-06-10T10:24:02,0.00,0.01436882911330629,-1.84258
499,2026-06-10T10:24:03,2.00,0.005487718862783581,-2.26061
500,2026-06-10T10:24:04,6.06,9.206492424821746e-05,-4.03591
501,2026-06-10T10:24:05,1.02,0.01401950291383385,-1.85327
502,2026-06-10T10:24:06,1.01,0.014309153757333678,-1.84439
503,2026-06-10T10:24:07,1.01,0.01437251238413036,-1.84247
504,2026-06-10T10:24:08,0.00,0.017852918791702328,-1.74829
505,2026-06-10T10:24:09,1.01,0.011205875732629676,-1.95055
506,2026-06-10T10:24:10,1.02,0.003489377682848513,-2.45725
507,2026-06-10T10:24:11,1.01,0.012812311036056453,-1.89237
508,2026-06-10T10:24:13,2.00,0.008369021297919164,-2.07733
509,2026-06-10T10:24:14,0.00,0.0069526382825264785,-2.15785
510,2026-06-10T10:24:15,3.06,0.011921162761327568,-1.92368
511,2026-06-10T10:24:16,0.00,0.007880135039166954,-2.10347
512,2026-06-10T10:24:17,0.00,0.006055697199588889,-2.21784
513,2026-06-10T10:24:18,0.98,0.0036485301250581315,-2.43788
514,2026-06-10T10:24:19,1.94,0.008863473495755208,-2.0524
515,2026-06-10T10:24:20,0.00,0.00622581836327935,-2.2058
516,2026-06-10T10:24:21,1.02,0.015531476034142636,-1.80879
517,2026-06-10T10:24:22,0.00,0.003383778714828741,-2.4706
518,2026-06-10T10:24:23,1.01,0.01665694483531191,-1.7784
519,2026-06-10T10:24:24,2.04,0.025169772350566406,-1.59912
520,2026-06-10T10:24:25,1.05,0.008691332619337449,-2.06091
521,2026-06-10T10:24:26,5.94,0.016057922846207794,-1.79431
522,2026-06-10T10:24:27,6.93,0.006658037843632136,-2.17665
523,2026-06-10T10:24:28,0.00,0.012617450308836053,-1.89903
524,2026-06-10T10:24:29,1.02,0.0033098195475048677,-2.4802
525,2026-06-10T10:24:30,0.00,0.00926503517816992,-2.03315
526,2026-06-10T10:24:31,0.00,0.005638053835465565,-2.24887
527,2026-06-10T10:24:32,0.00,0.005113165375614452,-2.29131
528,2026-06-10T10:24:33,0.00,0.0013726919112205945,-2.86243
529,2026-06-10T10:24:34,1.01,0.007243935029812853,-2.14003
530,2026-06-10T10:24:35,1.02,0.018459533465688377,-1.73378
531,2026-06-10T10:24:36,1.01,0.029527133287707626,-1.52978
532,2026-06-10T10:24:37,0.00,0.018274451340295983,-1.73816
533,2026-06-10T10:24:38,1.02,0.015104068651461897,-1.82091
534,2026-06-10T10:24:39,1.01,0.009379165918334856,-2.02784
535,2026-06-10T10:24:40,1.01,0.021079615273674527,-1.67614
536,2026-06-10T10:24:41,0.00,0.023644569975193052,-1.62627
537,2026-06-10T10:24:42,1.02,4.9345136390450043e-05,-4.30676
538,2026-06-10T10:24:43,0.00,0.026151818422360067,-1.5825
539,2026-06-10T10:24:44,2.04,0.02809376006074594,-1.55139
540,2026-06-10T10:24:45,1.01,0.0062103074036448346,-2.20689
541,2026-06-10T10:24:46,1.02,0.013298707223244452,-1.87619
542,2026-06-10T10:24:47,1.01,0.028658937276630908,-1.54274
543,2026-06-10T10:24:48,0.00,0.01682793496936911,-1.77397
544,2026-06-10T10:24:49,0.00,0.026788091512796198,-1.57206
545,2026-06-10T10:24:50,1.02,0.01579189753565114,-1.80157
546,2026-06-10T10:24:51,1.01,0.013841144743466878,-1.85883
547,2026-06-10T10:24:52,0.00,0.015753080812309476,-1.80263
548,2026-06-10T10:24:53,2.00,0.022846824827143158,-1.64117
549,2026-06-10T10:24:54,0.00,0.02415688639039389,-1.61696
550,2026-06-10T10:24:55,0.00,0.011278893817564225,-1.94773
551,2026-06-10T10:24:56,1.02,0.003832084473562789,-2.41656
552,2026-06-10T10:24:57,1.01,0.012573081257191015,-1.90056
553,2026-06-10T10:24:58,4.04,0.0005662910614651178,-3.24696
554,2026-06-10T10:24:59,0.00,0.003370589850372602,-2.47229
555,2026-06-10T10:25:00,2.02,0.00932313531838102,-2.03044
556,2026-06-10T10:25:01,1.02,0.0028802052591976493,-2.54058
557,2026-06-10T10:25:02,66.00,6.067407030419355e-06,-5.217
558,2026-06-10T10:25:03,9.68,4.479567896335826e-21,-20.3488
559,2026-06-10T10:25:04,0.00,8.926100558005808e-26,-25.0493
560,2026-06-10T10:25:05,0.00,3.274087981293069e-28,-27.4849
561,2026-06-10T10:25:06,0.00,1.2392046457087283e-28,-27.9069
562,2026-06-10T10:25:07,0.00,3.2147479102359407e-28,-27.4929
563,2026-06-10T10:25:08,39.80,1.605437280453543e-20,-19.7944
564,2026-06-10T10:25:09,25.25,5.192904284817548e-15,-14.2846
565,2026-06-10T10:25:10,23.47,6.994881931911404e-12,-11.1552
566,2026-06-10T10:25:11,12.37,9.250147816379256e-14,-13.0339
567,2026-06-10T10:25:12,12.24,7.70374085335819e-13,-12.1133
568,2026-06-10T10:25:13,42.86,5.912309109818218e-14,-13.2282
569,2026-06-10T10:25:14,21.65,1.5251198049256223e-11,-10.8167
570,2026-06-10T10:25:15,21.43,5.3735780992537336e-12,-11.2697
571,2026-06-10T10:25:16,21.43,3.3979424445158868e-28,-27.4688
572,2026-06-10T10:25:17,32.99,9.421596271011625e-22,-21.0259
573,2026-06-10T10:25:18,19.59,1.281677798001773e-12,-11.8922
574,2026-06-10T10:25:19,2.08,2.6487880866711236e-18,-17.577
575,2026-06-10T10:25:20,1.01,0.005179610107139574,-2.2857
576,2026-06-10T10:25:21,1.02,0.014047371530023637,-1.8524
577,2026-06-10T10:25:22,1.01,0.01571246251305192,-1.80376
578,2026-06-10T10:25:23,1.01,0.0055572324309544376,-2.25514
579,2026-06-10T10:25:24,2.04,0.011327098476569798,-1.94588
580,2026-06-10T10:25:25,1.03,0.011719068911579759,-1.93111
581,2026-06-10T10:25:26,2.04,0.024832492426778697,-1.60498
582,2026-06-10T10:25:27,2.00,0.014869799928466385,-1.82769
583,2026-06-10T10:25:28,1.01,0.019835726297472482,-1.70255
584,2026-06-10T10:25:29,4.08,0.0002990845483551971,-3.52421
585,2026-06-10T10:25:30,0.00,0.013854996176210057,-1.85839
586,2026-06-10T10:25:31,0.00,0.013969952257680919,-1.85481
587,2026-06-10T10:25:32,2.00,0.0026347597268340447,-2.57926
588,2026-06-10T10:25:33,0.00,0.008243735828147759,-2.08388
589,2026-06-10T10:25:34,1.01,0.0013075197937618725,-2.88355
590,2026-06-10T10:25:35,1.01,0.0095891575510268,-2.01822
591,2026-06-10T10:25:36,0.00,0.010158037274643265,-1.99319
592,2026-06-10T10:25:37,0.00,0.0002062804379282938,-3.68554
593,2026-06-10T10:25:38,1.02,0.001349680974288192,-2.86977
594,2026-06-10T10:25:39,0.00,0.00925298308188181,-2.03372
595,2026-06-10T10:25:40,2.00,0.0009973119516213905,-3.00117
596,2026-06-10T10:25:41,1.01,0.0056375596601884815,-2.24891
597,2026-06-10T10:25:42,0.00,0.0062472804031972985,-2.20431
598,2026-06-10T10:25:43,0.00,0.007958409622262002,-2.09917
599,2026-06-10T10:25:45,1.01,0.0005051898801299762,-3.29655
600,2026-06-10T10:25:46,1.01,0.011317364467518333,-1.94625
