row,date,left_speed,right_speed,left_velocity,right_velocity,accel_z,densityestimate,logdensityestimate
1,2026-06-11T11:25:47,0,0,0.0,0.0,1.0201,0.0,-inf
2,2026-06-11T11:25:48,0,0,0.0,0.0,1.0232,0.0057095984923786055,-2.24339
3,2026-06-11T11:25:49,0,0,0.0,0.0,1.0238,0.013255741073983267,-1.8776
4,2026-06-11T11:25:50,0,0,0.0,0.0,1.0233,0.007758088515731737,-2.11025
5,2026-06-11T11:25:51,0,0,0.0,0.0,1.0215,0.013064998486462837,-1.88389
6,2026-06-11T11:25:52,0,0,0.0,0.0,1.0228,0.007889663817175575,-2.10294
7,2026-06-11T11:25:53,0,0,0.0,0.0,1.0236,0.0233530358413091,-1.63166
8,2026-06-11T11:25:54,0,0,0.0,0.0,1.0210,0.0062564577467438265,-2.20367
9,2026-06-11T11:25:55,0,0,0.0,0.0,1.0226,2.276077518781853e-07,-6.64281
10,2026-06-11T11:25:56,0,0,0.0,0.0,1.0230,0.004143868050513481,-2.38259
11,2026-06-11T11:25:57,0,0,0.0,0.0,1.0226,0.007662266059035841,-2.11564
12,2026-06-11T11:25:58,0,0,0.0,0.0,1.0228,0.008996219962953807,-2.04594
13,2026-06-11T11:25:59,0,0,0.0,0.0,1.0228,0.007230025258309257,-2.14086
14,2026-06-11T11:26:00,0,0,0.0,0.0,1.0231,0.007881338203656727,-2.1034
15,2026-06-11T11:26:01,0,0,0.0,0.0,1.0221,1.5716414573792408e-07,-6.80365
16,2026-06-11T11:26:02,0,0,0.0,0.0,1.0219,2.57620462882892e-07,-6.58902
17,2026-06-11T11:26:03,0,0,0.0,0.0,1.0227,0.007459042043079611,-2.12732
18,2026-06-11T11:26:04,0,0,0.0,0.0,1.0241,2.2327097383271877e-07,-6.65117
19,2026-06-11T11:26:05,0,0,0.0,0.0,1.0207,0.027717163082846427,-1.55725
20,2026-06-11T11:26:06,0,0,0.0,0.0,1.0226,0.00561880922664207,-2.25036
21,2026-06-11T11:26:07,0,0,0.0,0.0,1.0220,0.0005781713879080104,-3.23794
22,2026-06-11T11:26:08,0,0,0.0,0.0,1.0225,0.007630304515391986,-2.11746
23,2026-06-11T11:26:09,0,0,0.0,0.0,1.0232,0.025326448072937543,-1.59643
24,2026-06-11T11:26:10,0,0,0.0,0.0,1.0233,0.008053185636175566,-2.09403
25,2026-06-11T11:26:11,0,0,0.0,0.0,1.0224,0.006103736852710901,-2.2144
26,2026-06-11T11:26:12,0,0,0.0,0.0,1.0208,2.2641029812452504e-07,-6.6451
27,2026-06-11T11:26:13,0,0,0.0,0.0,1.0230,0.009005590592604666,-2.04549
28,2026-06-11T11:26:14,0,0,0.0,0.0,1.0220,0.005788298163475849,-2.23745
29,2026-06-11T11:26:15,0,0,0.0,0.0,1.0221,0.005633370665573468,-2.24923
30,2026-06-11T11:26:16,0,0,0.0,0.0,1.0238,2.173704110089506e-07,-6.6628
31,2026-06-11T11:26:17,35,35,58.84529495239258,29.921335220336914,0.9906,0.0008062344909296326,-3.09354
32,2026-06-11T11:26:18,35,35,324.9346923828125,166.96644592285156,0.9575,0.0001833210660754522,-3.73679
33,2026-06-11T11:26:19,35,35,350.8431701660156,160.9280548095703,0.9642,4.137711751953417e-15,-14.3832
34,2026-06-11T11:26:20,35,35,353.619140625,172.81387329101562,1.0812,3.846376856178171e-11,-10.4149
35,2026-06-11T11:26:21,35,35,347.66021728515625,181.34437561035156,1.1121,1.568244586124595e-10,-9.80459
36,2026-06-11T11:26:22,35,35,321.7937316894531,177.88597106933594,0.9906,8.32190277404181e-05,-4.07978
37,2026-06-11T11:26:23,35,35,336.9884033203125,196.57656860351562,1.0369,3.530864036796097e-07,-6.45212
38,2026-06-11T11:26:24,35,35,346.0811462402344,207.44921875,1.0842,6.822541084790439e-06,-5.16605
39,2026-06-11T11:26:25,35,35,366.3340148925781,217.60440063476562,0.9750,1.979101486006152e-11,-10.7035
40,2026-06-11T11:26:26,35,35,375.7142333984375,217.41329956054688,1.0707,4.769254934842711e-08,-7.32155
41,2026-06-11T11:26:27,35,35,370.6886291503906,217.81704711914062,0.9744,1.9085999443832647e-06,-5.71929
42,2026-06-11T11:26:28,35,35,367.90911865234375,217.9461669921875,1.0315,1.6311491177518003e-15,-14.7875
43,2026-06-11T11:26:29,35,35,373.9906311035156,199.9949951171875,1.0121,2.773872930815302e-07,-6.55691
44,2026-06-11T11:26:30,35,35,367.6227722167969,222.376708984375,1.0671,6.0452606508636e-05,-4.21858
45,2026-06-11T11:26:31,35,35,365.5909118652344,239.7317352294922,0.9116,4.885254892628984e-10,-9.31111
46,2026-06-11T11:26:32,35,35,363.2854309082031,222.56222534179688,1.0451,3.914989696298137e-11,-10.4073
47,2026-06-11T11:26:33,35,35,361.1176452636719,228.7078399658203,1.0162,3.80554614377832e-11,-10.4196
48,2026-06-11T11:26:34,35,35,363.7190856933594,228.45166015625,1.0084,2.63529646565614e-06,-5.57917
49,2026-06-11T11:26:35,35,35,359.8230285644531,238.2207794189453,0.9363,5.459475618819704e-06,-5.26285
50,2026-06-11T11:26:36,35,35,376.85113525390625,228.90956115722656,0.9672,1.0654864075093223e-06,-5.97245
51,2026-06-11T11:26:37,35,35,368.8945617675781,257.624755859375,1.0963,5.189342519268112e-11,-10.2849
52,2026-06-11T11:26:38,35,35,354.97833251953125,240.98529052734375,0.9717,2.4294312831199853e-09,-8.6145
53,2026-06-11T11:26:39,35,35,368.7647399902344,230.8527069091797,0.9396,3.2460127732295015e-11,-10.4886
54,2026-06-11T11:26:40,35,35,383.607177734375,225.76881408691406,1.0811,1.328544566640719e-06,-5.87662
55,2026-06-11T11:26:41,35,35,365.9249572753906,225.95367431640625,1.0282,8.669990021433136e-06,-5.06198
56,2026-06-11T11:26:42,35,35,355.7613220214844,223.47824096679688,1.0316,2.3748955320021953e-08,-7.62436
57,2026-06-11T11:26:43,35,35,383.9159240722656,233.94876098632812,0.9185,1.2421846990815912e-07,-6.90581
58,2026-06-11T11:26:44,35,35,364.5257263183594,230.69984436035156,1.0431,2.913115149740849e-09,-8.53564
59,2026-06-11T11:26:45,35,35,380.11517333984375,229.06939697265625,0.9968,7.273761682991423e-11,-10.1382
60,2026-06-11T11:26:46,35,35,382.0967102050781,228.4599151611328,1.0471,1.283938882242862e-07,-6.89146
61,2026-06-11T11:26:47,35,35,379.7237548828125,222.42393493652344,1.0230,4.434219085012973e-13,-12.3532
62,2026-06-11T11:26:48,35,35,375.5677490234375,227.73788452148438,0.9254,2.8917641571371682e-08,-7.53884
63,2026-06-11T11:26:49,35,35,380.06842041015625,229.04122924804688,1.0285,1.1354863663488249e-05,-4.94482
64,2026-06-11T11:26:50,35,35,376.09405517578125,223.65060424804688,0.9855,2.489432401103084e-09,-8.6039
65,2026-06-11T11:26:51,35,35,369.9482421875,232.33944702148438,0.9324,2.4032844665021e-07,-6.61919
66,2026-06-11T11:26:52,35,35,363.5748291015625,223.35311889648438,1.0832,8.407407072480855e-12,-11.0753
67,2026-06-11T11:26:53,35,35,368.27337646484375,211.58253479003906,0.9669,4.6848674352746785e-08,-7.3293
68,2026-06-11T11:26:54,35,35,364.55084228515625,209.31626892089844,1.0684,5.702177178274721e-18,-17.244
69,2026-06-11T11:26:55,35,35,356.7495422363281,234.83514404296875,1.0269,2.9954085393021682e-05,-4.52354
70,2026-06-11T11:26:56,35,35,351.7897644042969,215.4837646484375,0.9964,2.526752477423722e-08,-7.59744
71,2026-06-11T11:26:57,35,35,354.9858093261719,222.36471557617188,0.9546,4.68334098322274e-08,-7.32944
72,2026-06-11T11:26:58,35,35,353.9013977050781,224.57199096679688,1.0302,4.977011557518295e-16,-15.303
73,2026-06-11T11:26:59,35,35,359.4026794433594,212.64657592773438,1.0543,2.3318510091863157e-05,-4.6323
74,2026-06-11T11:27:00,35,35,359.9557189941406,210.9740447998047,1.0591,5.248127164273265e-06,-5.28
75,2026-06-11T11:27:01,35,35,368.39862060546875,218.2361297607422,0.9428,2.97330217761311e-10,-9.52676
76,2026-06-11T11:27:02,35,35,356.50732421875,213.7046661376953,1.0306,1.367455420049955e-07,-6.86409
77,2026-06-11T11:27:03,35,35,355.2458190917969,218.1509552001953,1.0484,8.407078849815928e-11,-10.0754
78,2026-06-11T11:27:04,35,35,324.8369445800781,221.88861083984375,0.9104,3.131271348833656e-06,-5.50428
79,2026-06-11T11:27:05,35,35,348.05950927734375,213.03643798828125,0.9555,3.885440312010931e-06,-5.41056
80,2026-06-11T11:27:06,35,35,360.0509948730469,215.62942504882812,1.0008,2.473283971496943e-07,-6.60673
81,2026-06-11T11:27:07,35,35,389.9595642089844,230.3853302001953,1.0035,1.3910148652669146e-06,-5.85667
82,2026-06-11T11:27:08,35,35,380.92449951171875,235.5717315673828,1.0813,4.2648693870039605e-08,-7.37009
83,2026-06-11T11:27:09,35,35,384.8719482421875,239.29861450195312,1.0741,6.460979470401416e-06,-5.1897
84,2026-06-11T11:27:10,35,35,382.63018798828125,238.39263916015625,1.0249,3.844232166515914e-09,-8.41519
85,2026-06-11T11:27:11,35,35,372.2956237792969,239.54678344726562,1.0874,3.2196132689448495e-06,-5.4922
86,2026-06-11T11:27:12,35,35,380.3902587890625,239.24545288085938,0.9570,9.632894464529274e-12,-11.0162
87,2026-06-11T11:27:13,35,35,366.7396240234375,232.83468627929688,1.0776,3.187170898642199e-05,-4.49659
88,2026-06-11T11:27:14,35,35,375.0080261230469,244.6576385498047,1.0005,3.693069459777527e-08,-7.43261
89,2026-06-11T11:27:15,35,35,373.1998596191406,249.46514892578125,0.8735,7.294998521823037e-06,-5.13697
90,2026-06-11T11:27:16,35,35,375.3836364746094,243.24859619140625,1.0173,8.446739985859486e-11,-10.0733
91,2026-06-11T11:27:17,35,35,375.3521423339844,242.581298828125,1.0496,5.130069163346093e-07,-6.28988
92,2026-06-11T11:27:18,35,35,380.7680969238281,232.85818481445312,1.0496,2.8463423257562482e-06,-5.54571
93,2026-06-11T11:27:19,35,35,376.13555908203125,240.72674560546875,1.0188,1.714141636646382e-08,-7.76595
94,2026-06-11T11:27:20,35,35,375.79296875,250.19638061523438,1.0190,8.435121591540188e-07,-6.07391
95,2026-06-11T11:27:21,35,35,383.38720703125,252.25477600097656,0.8994,4.709696071289729e-06,-5.32701
96,2026-06-11T11:27:22,35,35,368.9018859863281,240.93592834472656,1.1714,2.4463229839533e-13,-12.6115
97,2026-06-11T11:27:23,250,250,3058.837646484375,2926.8447265625,0.7906,3.1843318013388334e-46,-45.497
98,2026-06-11T11:27:24,250,250,3712.160888671875,3480.40185546875,1.3726,2.8095435705839125e-56,-55.5514
99,2026-06-11T11:27:25,250,250,3722.199462890625,3488.249755859375,0.4961,7.416142743582238e-39,-38.1298
100,2026-06-11T11:27:26,250,250,3747.6865234375,3505.57763671875,1.4161,9.814253788143745e-65,-64.0081
101,2026-06-11T11:27:27,250,250,3721.21875,3483.71533203125,0.3845,9.22634165566219e-65,-64.035
102,2026-06-11T11:27:28,250,250,3741.040771484375,3498.58447265625,1.3341,8.576702297462646e-77,-76.0667
103,2026-06-11T11:27:29,250,250,3721.0380859375,3504.210693359375,0.8819,6.090523242067629e-72,-71.2153
104,2026-06-11T11:27:30,250,250,3700.648681640625,3520.47119140625,0.1050,1.173160818717337e-53,-52.9306
105,2026-06-11T11:27:31,-250,-250,-1887.7615966796875,-1969.7078857421875,0.5308,2.8978377710070074e-143,-142.538
106,2026-06-11T11:27:32,-250,-250,-3669.62744140625,-3670.628173828125,0.5821,1.6628301460541174e-74,-73.7792
107,2026-06-11T11:27:33,-250,-250,-3664.841552734375,-3649.87890625,1.3058,3.3943910008654773e-78,-77.4692
108,2026-06-11T11:27:34,-250,-250,-3677.01123046875,-3665.008056640625,0.4307,6.085696403374691e-70,-69.2157
109,2026-06-11T11:27:35,-250,-250,-3664.62255859375,-3657.623291015625,0.8619,9.038647417907999e-170,-169.044
110,2026-06-11T11:27:36,-250,-250,-3652.888671875,-3641.8828125,1.5609,7.353323430973936e-55,-54.1335
111,2026-06-11T11:27:37,-250,-250,-3665.104248046875,-3647.089111328125,1.5122,5.933913411928575e-52,-51.2267
112,2026-06-11T11:27:38,35,35,-675.836669921875,-713.8837890625,0.9962,7.464848017032922e-72,-71.127
113,2026-06-11T11:27:39,35,35,333.6239318847656,302.8431396484375,0.9799,1.0411118907118106e-11,-10.9825
114,2026-06-11T11:27:40,35,35,341.7295837402344,309.6611328125,1.0272,3.387663521384683e-09,-8.4701
115,2026-06-11T11:27:41,35,35,366.68023681640625,296.7412414550781,1.0421,2.7003030317225515e-08,-7.56859
116,2026-06-11T11:27:42,35,35,377.7804870605469,293.6065979003906,0.9804,4.4296376055876244e-11,-10.3536
117,2026-06-11T11:27:43,35,35,379.5737609863281,305.6567687988281,1.0903,8.695734323426791e-07,-6.06069
118,2026-06-11T11:27:44,35,35,370.447509765625,295.3567810058594,0.9848,3.035062446077251e-08,-7.51783
119,2026-06-11T11:27:45,35,35,363.52520751953125,290.62042236328125,1.0119,4.484582412317839e-06,-5.34828
120,2026-06-11T11:27:46,35,35,375.7512512207031,299.8015441894531,1.0770,1.7380873471568873e-06,-5.75993
121,2026-06-11T11:27:47,35,35,375.6141357421875,318.5207824707031,1.0459,2.9253414947404105e-08,-7.53382
122,2026-06-11T11:27:48,35,35,364.9974365234375,312.997802734375,0.9672,1.1002031584175788e-05,-4.95853
123,2026-06-11T11:27:49,35,35,366.7945861816406,303.829833984375,1.0236,1.2503054823710536e-09,-8.90298
124,2026-06-11T11:27:50,35,35,351.9278259277344,291.9401550292969,0.9130,1.0798875180955371e-07,-6.96662
125,2026-06-11T11:27:51,35,35,388.63275146484375,306.7101745605469,1.0605,1.4451240857510132e-07,-6.84009
126,2026-06-11T11:27:52,35,35,374.3380432128906,331.2991638183594,1.0873,5.8881290786304875e-06,-5.23002
127,2026-06-11T11:27:53,35,35,378.0389404296875,318.0327453613281,0.9987,3.3107486164296155e-07,-6.48007
128,2026-06-11T11:27:54,35,35,393.21624755859375,312.17169189453125,0.9715,1.9802397736427832e-11,-10.7033
129,2026-06-11T11:27:55,35,35,387.5876159667969,302.677978515625,1.0561,9.889202628960604e-09,-8.00484
130,2026-06-11T11:27:56,55,55,607.0430908203125,559.0396728515625,1.0995,1.0550878811348952e-08,-7.97671
131,2026-06-11T11:27:57,55,55,688.22021484375,623.199462890625,0.9514,8.53688820849303e-12,-11.0687
132,2026-06-11T11:27:58,55,55,675.199951171875,627.2567138671875,0.9700,4.4649194226783404e-08,-7.35019
133,2026-06-11T11:27:59,55,55,685.9575805664062,627.8765258789062,1.0604,2.1653495123078194e-12,-11.6645
134,2026-06-11T11:28:00,55,55,677.7444458007812,632.7614135742188,1.0266,1.1601300393920648e-09,-8.93549
135,2026-06-11T11:28:01,55,55,677.5291137695312,652.5465087890625,0.8574,7.68151904720623e-08,-7.11455
136,2026-06-11T11:28:02,55,55,694.451416015625,635.4130249023438,1.1489,4.3437658696618443e-11,-10.3621
137,2026-06-11T11:28:03,55,55,681.8267822265625,647.83544921875,0.9729,1.1794103059113064e-11,-10.9283
138,2026-06-11T11:28:04,55,55,676.7671508789062,637.7805786132812,0.9407,1.4178324305684882e-14,-13.8484
139,2026-06-11T11:28:05,55,55,681.4159545898438,651.353515625,0.8808,2.1828293930241508e-09,-8.66098
140,2026-06-11T11:28:06,55,55,687.0604248046875,637.201171875,1.0580,6.026429800879493e-11,-10.2199
141,2026-06-11T11:28:07,55,55,688.9241943359375,647.809326171875,0.7307,1.3145994785710886e-08,-7.88121
142,2026-06-11T11:28:08,55,55,709.5128173828125,642.6529541015625,0.9841,6.19774395240114e-17,-16.2078
143,2026-06-11T11:28:09,55,55,686.0418090820312,643.0391845703125,0.9633,2.6485223239574116e-11,-10.577
144,2026-06-11T11:28:10,55,55,682.0368041992188,639.0344848632812,0.9647,8.542248359902674e-12,-11.0684
145,2026-06-11T11:28:11,55,55,681.1641235351562,617.1487426757812,1.0001,1.3668032442777534e-12,-11.8643
146,2026-06-11T11:28:12,55,55,680.0455322265625,633.0424194335938,1.0900,2.4051145275926188e-14,-13.6189
147,2026-06-11T11:28:13,55,55,679.2594604492188,633.2418823242188,1.1046,5.931845188275662e-16,-15.2268
148,2026-06-11T11:28:14,55,55,684.28515625,641.3926391601562,0.9431,1.547518561861051e-14,-13.8104
149,2026-06-11T11:28:15,55,55,673.8456420898438,636.7991943359375,1.0601,1.06517485903143e-09,-8.97258
150,2026-06-11T11:28:16,55,55,675.5717163085938,620.6065673828125,0.9399,3.0228486529121247e-12,-11.5196
151,2026-06-11T11:28:17,55,55,667.6356811523438,608.4907836914062,1.1779,1.6719836311670479e-15,-14.7768
152,2026-06-11T11:28:18,55,55,651.8533325195312,599.9446411132812,0.9550,5.930227041073698e-11,-10.2269
153,2026-06-11T11:28:19,55,55,658.3370971679688,614.24755859375,1.0900,1.50822669730201e-10,-9.82153
154,2026-06-11T11:28:20,55,55,663.2518920898438,602.3206176757812,0.9534,2.6739606342601385e-08,-7.57284
155,2026-06-11T11:28:21,55,55,207.66400146484375,184.70114135742188,1.0239,1.6808512789228379e-15,-14.7745
156,2026-06-11T11:28:22,55,55,0.0,0.0,1.0225,2.4690970332571003e-16,-15.6075
157,2026-06-11T11:28:23,55,55,0.0,0.0,1.0217,2.0607449300461949e-13,-12.686
158,2026-06-11T11:28:24,55,55,0.0,0.0,1.0204,7.203156397630559e-16,-15.1425
159,2026-06-11T11:28:25,55,55,0.0,0.0,1.0216,6.821167514190236e-20,-19.1661
160,2026-06-11T11:28:26,55,55,0.0,0.0,1.0225,1.3089326286871941e-15,-14.8831
161,2026-06-11T11:28:27,55,55,0.0,0.0,1.0210,9.36198336897199e-20,-19.0286
162,2026-06-11T11:28:28,55,55,0.9986060261726379,0.0,1.0233,7.858051270125088e-19,-18.1047
163,2026-06-11T11:28:29,55,55,1.0007495880126953,0.0,1.0216,2.4688401203263758e-21,-20.6075
164,2026-06-11T11:28:30,55,55,0.0,0.0,1.0222,1.6856403542440538e-17,-16.7732
165,2026-06-11T11:28:31,55,55,37.95100402832031,33.95616149902344,1.0103,2.917577340086242e-11,-10.535
166,2026-06-11T11:28:32,55,55,627.1414184570312,604.0994873046875,1.2111,2.7804918131188014e-11,-10.5559
167,2026-06-11T11:28:33,55,55,647.3966674804688,610.4310913085938,0.9174,1.3576221897980764e-15,-14.8672
168,2026-06-11T11:28:34,55,55,656.8607788085938,624.8675537109375,1.1608,5.51488186351401e-13,-12.2585
169,2026-06-11T11:28:35,55,55,662.3709106445312,625.3501586914062,1.1821,2.4780020778660713e-10,-9.6059
170,2026-06-11T11:28:36,55,55,670.0515747070312,644.0496215820312,0.9855,1.0738994348684528e-14,-13.969
171,2026-06-11T11:28:37,55,55,686.7305908203125,644.6244506835938,1.0482,1.8432310552829128e-12,-11.7344
172,2026-06-11T11:28:38,55,55,693.8179321289062,652.9464721679688,1.0252,3.076135265372799e-09,-8.51199
173,2026-06-11T11:28:39,-65,-65,217.16287231445312,190.14260864257812,0.8464,4.753470438109956e-13,-12.323
174,2026-06-11T11:28:40,-65,-65,-776.32763671875,-761.3406372070312,1.0128,4.858761307143197e-10,-9.31347
175,2026-06-11T11:28:41,-65,-65,-793.6309204101562,-782.6221923828125,0.9354,2.202628307146639e-14,-13.6571
176,2026-06-11T11:28:42,-65,-65,-804.3024291992188,-767.2885131835938,0.9600,6.7086211578390996e-09,-8.17337
177,2026-06-11T11:28:43,-65,-65,-812.952880859375,-794.9760131835938,0.8968,6.044161099496204e-11,-10.2187
178,2026-06-11T11:28:44,-65,-65,-819.9371948242188,-793.9074096679688,0.9393,2.3139142867856824e-16,-15.6357
179,2026-06-11T11:28:45,-65,-65,-829.1956787109375,-786.2373657226562,0.9741,1.6184160488039976e-10,-9.79091
180,2026-06-11T11:28:46,-65,-65,-812.9747924804688,-782.9757080078125,0.9783,4.039862063995229e-14,-13.3936
181,2026-06-11T11:28:47,-65,-65,-835.6735229492188,-787.6348266601562,1.0677,8.617560548464805e-13,-12.0646
182,2026-06-11T11:28:48,-65,-65,-825.8909912109375,-788.8958740234375,0.9511,9.389031257367777e-09,-8.02738
183,2026-06-11T11:28:49,-65,-65,-668.700439453125,-600.7308959960938,1.1112,5.257138874176602e-27,-26.2793
184,2026-06-11T11:28:50,-65,-65,-0.9999730587005615,-11.999676704406738,1.0210,4.146673212082517e-27,-26.3823
185,2026-06-11T11:28:51,-65,-65,0.0,0.0,1.0203,5.491783590524664e-24,-23.2603
186,2026-06-11T11:28:52,-65,-65,0.0,0.0,1.0203,1.6686292994429363e-24,-23.7776
187,2026-06-11T11:28:53,-65,-65,0.0,0.0,1.0214,1.382289815137691e-23,-22.8594
188,2026-06-11T11:28:54,-65,-65,0.0,-1.9984631538391113,1.0199,5.615709163865405e-22,-21.2506
189,2026-06-11T11:28:55,-65,-65,0.0,0.0,1.0228,8.326942749201333e-32,-31.0795
190,2026-06-11T11:28:56,-65,-65,0.0,0.0,1.0213,4.289638079900924e-31,-30.3676
191,2026-06-11T11:28:57,-65,-65,0.0,0.0,1.0190,1.2548713525718276e-22,-21.9014
192,2026-06-11T11:28:58,-65,-65,0.0,-1.9995661973953247,1.0199,9.698005384888962e-28,-27.0133
193,2026-06-11T11:28:59,-65,-65,0.0,-2.000490188598633,1.0214,7.932924428297346e-27,-26.1006
194,2026-06-11T11:29:00,-65,-65,0.0,0.0,1.0205,4.93063255281388e-22,-21.3071
195,2026-06-11T11:29:01,-65,-65,0.0,0.0,1.0208,4.074517142397994e-29,-28.3899
196,2026-06-11T11:29:02,-65,-65,0.0,-0.9985101819038391,1.0208,2.1822541327795906e-27,-26.6611
197,2026-06-11T11:29:03,-65,-65,-306.63043212890625,-315.64898681640625,0.9368,1.0590437727240655e-14,-13.9751
198,2026-06-11T11:29:04,-65,-65,-795.445556640625,-792.4476318359375,0.9800,3.6176155333492264e-16,-15.4416
199,2026-06-11T11:29:05,-65,-65,-778.2381591796875,-766.2498779296875,1.0840,1.727816078160218e-13,-12.7625
200,2026-06-11T11:29:06,-65,-65,-782.6670532226562,-761.6222534179688,0.9387,1.1283433409800241e-10,-9.94756
201,2026-06-11T11:29:07,-65,-65,-772.2686767578125,-737.3017578125,1.0522,1.241645292554585e-16,-15.906
202,2026-06-11T11:29:08,-65,-65,-779.8167724609375,-751.8233642578125,1.1155,3.6024930252654863e-09,-8.4434
203,2026-06-11T11:29:09,-65,-65,-782.9755859375,-730.9107055664062,1.0179,2.0907733645933937e-12,-11.6797
204,2026-06-11T11:29:10,-65,-65,-787.8809814453125,-735.8888549804688,0.9651,7.077566477293599e-09,-8.15012
205,2026-06-11T11:29:11,-65,-65,-781.865478515625,-725.8751220703125,0.9362,7.486128149171162e-09,-8.12574
206,2026-06-11T11:29:12,-65,-65,-780.3323974609375,-732.3119506835938,1.0408,1.3626881856157269e-12,-11.8656
207,2026-06-11T11:29:13,-65,-65,-791.8099975585938,-738.8226928710938,1.2047,4.588240007800302e-11,-10.3384
208,2026-06-11T11:29:14,-65,-65,-787.7215576171875,-734.6729736328125,1.0060,6.60293588351898e-15,-14.1803
209,2026-06-11T11:29:15,-65,-65,-808.7415771484375,-729.8643188476562,0.8422,8.39816102804217e-16,-15.0758
210,2026-06-11T11:29:16,-65,-65,-793.9491577148438,-723.9536743164062,1.3797,3.46862680698263e-14,-13.4598
211,2026-06-11T11:29:17,-65,-65,-799.302978515625,-734.359619140625,1.0877,2.40023514592509e-20,-19.6197
212,2026-06-11T11:29:18,-65,-65,-802.050537109375,-737.0464477539062,1.1371,2.120008515638648e-13,-12.6737
213,2026-06-11T11:29:19,-65,-65,-810.3865966796875,-731.348876953125,1.0453,1.4719385182215232e-18,-17.8321
214,2026-06-11T11:29:20,-65,-65,-803.7926635742188,-736.8099365234375,1.0206,2.6242629841743408e-14,-13.581
215,2026-06-11T11:29:21,-65,-65,-517.5399169921875,-677.3978271484375,1.0652,4.263269709094548e-19,-18.3703
216,2026-06-11T11:29:22,-65,-65,-48.0150260925293,-484.1515197753906,1.0055,3.363166017359384e-32,-31.4733
217,2026-06-11T11:29:23,-65,-65,-15.99209976196289,-476.76446533203125,1.0422,1.351856770532661e-31,-30.8691
218,2026-06-11T11:29:24,-65,-65,-24.00763511657715,-562.1787719726562,1.0466,2.595560797314847e-28,-27.5858
219,2026-06-11T11:29:25,-65,-65,-59.98572540283203,-612.8541870117188,1.0038,3.925051262947848e-33,-32.4062
220,2026-06-11T11:29:26,-65,-65,-64.00813293457031,-538.068359375,1.0258,3.0969898351966005e-41,-40.5091
221,2026-06-11T11:29:27,-65,-65,-23.99054718017578,-419.8345947265625,1.0908,3.1927624467143896e-41,-40.4958
222,2026-06-11T11:29:28,-65,-65,-26.027484893798828,-606.640625,1.0492,7.087933827449456e-42,-41.1495
223,2026-06-11T11:29:29,-65,-65,-48.988243103027344,-615.8522338867188,1.0466,1.5293070979179676e-41,-40.8155
224,2026-06-11T11:29:30,-65,-65,-23.017101287841797,-624.4639892578125,0.9900,2.933247479232734e-34,-33.5327
225,2026-06-11T11:29:31,-65,-65,-38.97053909301758,-550.583740234375,1.0295,7.3561709293859734e-34,-33.1333
226,2026-06-11T11:29:32,-65,-65,-397.9562072753906,-697.9232177734375,1.0756,7.603167876441127e-32,-31.119
227,2026-06-11T11:29:33,-65,-65,-779.8663940429688,-731.8130493164062,1.0147,9.468848966138288e-14,-13.0237
228,2026-06-11T11:29:34,-65,-65,-778.987548828125,-726.9884033203125,0.9153,9.66133387879902e-18,-17.015
229,2026-06-11T11:29:35,-65,-65,-785.5011596679688,-715.4564819335938,1.1232,1.2393061299108725e-08,-7.90682
230,2026-06-11T11:29:36,-65,-65,-799.0711059570312,-739.0657958984375,0.9687,6.681404484674048e-16,-15.1751
231,2026-06-11T11:29:37,-65,-65,-791.3155517578125,-730.3682250976562,1.0589,1.4981778482721617e-11,-10.8244
232,2026-06-11T11:29:38,-65,-65,-798.242431640625,-729.307861328125,0.9653,2.808256206931501e-17,-16.5516
233,2026-06-11T11:29:39,-65,-65,-785.9840698242188,-715.8963012695312,1.0735,4.313217925727906e-12,-11.3652
234,2026-06-11T11:29:40,-65,-65,-788.6395263671875,-726.6679077148438,1.0202,2.2900839775369603e-16,-15.6401
235,2026-06-11T11:29:41,-65,-65,-793.7175903320312,-723.5657958984375,1.0040,9.27975024220595e-21,-20.0325
236,2026-06-11T11:29:42,-65,-65,-802.7963256835938,-734.982421875,0.9096,2.1950922393601246e-12,-11.6585
237,2026-06-11T11:29:43,-65,-65,-795.5584716796875,-730.5128173828125,0.9266,4.5988181788718725e-15,-14.3374
238,2026-06-11T11:29:44,-65,-65,-797.5846557617188,-735.5391845703125,1.0989,5.760730510804482e-11,-10.2395
239,2026-06-11T11:29:45,-65,-65,-797.8323974609375,-721.848388671875,0.9529,1.18398581170371e-13,-12.9267
240,2026-06-11T11:29:46,-65,-65,-792.7249145507812,-728.7471313476562,1.1836,2.2797067103360017e-13,-12.6421
241,2026-06-11T11:29:47,-65,-65,-797.8021850585938,-720.8212890625,1.0528,1.0936439978495117e-16,-15.9611
242,2026-06-11T11:29:48,75,75,129.93101501464844,135.92782592773438,1.0904,6.923805836195735e-13,-12.1597
243,2026-06-11T11:29:49,75,75,924.3919677734375,865.366943359375,1.1214,3.8407449451327125e-15,-14.4156
244,2026-06-11T11:29:50,75,75,949.6172485351562,867.6502685546875,1.0573,2.8639572951794525e-16,-15.543
245,2026-06-11T11:29:51,75,75,953.4539794921875,880.342529296875,1.1852,1.7066190802518803e-19,-18.7679
246,2026-06-11T11:29:52,75,75,943.2888793945312,882.3992919921875,1.1694,1.902432913168086e-16,-15.7207
247,2026-06-11T11:29:53,75,75,946.256591796875,891.1834716796875,1.0266,1.7374240836008266e-24,-23.7601
248,2026-06-11T11:29:54,75,75,953.076416015625,892.135498046875,1.1330,7.994027147501697e-19,-18.0972
249,2026-06-11T11:29:55,75,75,961.1764526367188,900.1016845703125,1.0437,1.2299660196757988e-16,-15.9101
250,2026-06-11T11:29:56,75,75,959.35302734375,906.3335571289062,1.1749,7.373598113562742e-15,-14.1323
251,2026-06-11T11:29:57,75,75,955.81787109375,895.9545288085938,0.9213,3.0110301228799102e-18,-17.5213
252,2026-06-11T11:29:58,75,75,954.858154296875,896.7450561523438,1.0039,1.1736085106473671e-23,-22.9305
253,2026-06-11T11:29:59,75,75,951.2333374023438,903.27197265625,1.3169,2.555183585520067e-17,-16.5926
254,2026-06-11T11:30:00,75,75,969.5636596679688,916.5875244140625,0.9715,5.772615831937959e-26,-25.2386
255,2026-06-11T11:30:01,75,75,967.4899291992188,918.1590576171875,1.0667,6.436061000103639e-68,-67.1914
256,2026-06-11T11:30:02,75,75,952.1099853515625,912.8995361328125,1.1754,0.0,-inf
257,2026-06-11T11:30:03,75,75,973.99658203125,893.4105834960938,0.8710,3.340829294895305e-22,-21.4761
258,2026-06-11T11:30:04,75,75,977.52099609375,971.517822265625,-0.9576,3.7795484090379527e-19,-18.4226
259,2026-06-11T11:30:05,75,75,859.0072631835938,820.8291625976562,-0.7880,0.0,-inf
260,2026-06-11T11:30:06,75,75,969.382080078125,890.513671875,-1.1396,0.0,-inf
261,2026-06-11T11:30:07,75,75,947.4942626953125,864.8002319335938,-0.3033,5.818482915382854e-238,-237.235
262,2026-06-11T11:30:08,75,75,976.0393676757812,886.7613525390625,-0.8063,0.0,-inf
263,2026-06-11T11:30:09,75,75,944.8062744140625,883.8187866210938,-1.1202,0.0,-inf
264,2026-06-11T11:30:10,75,75,952.841796875,878.1676635742188,-0.9232,7.18925847972587e-198,-197.143
265,2026-06-11T11:30:11,75,75,981.454833984375,910.131103515625,-0.8461,0.0,-inf
266,2026-06-11T11:30:12,75,75,992.8143310546875,899.8317260742188,-0.8420,0.0,-inf
267,2026-06-11T11:30:13,75,75,956.2084350585938,899.1959838867188,-1.0532,0.0,-inf
268,2026-06-11T11:30:14,75,75,953.1997680664062,877.659423828125,-0.8111,6.216299764154113e-221,-220.206
269,2026-06-11T11:30:15,75,75,977.6508178710938,898.1915283203125,-0.7957,0.0,-inf
270,2026-06-11T11:30:16,75,75,948.8235473632812,885.8352661132812,-0.9826,0.0,-inf
271,2026-06-11T11:30:17,75,75,946.2536010742188,876.6029663085938,-0.8472,5.130220438236865e-185,-184.29
272,2026-06-11T11:30:18,75,75,983.2485961914062,907.8460693359375,-1.1633,0.0,-inf
273,2026-06-11T11:30:19,75,75,934.3552856445312,871.3987426757812,-0.6561,0.0,-inf
274,2026-06-11T11:30:20,75,75,1009.4602661132812,918.4187622070312,-1.0821,0.0,-inf
275,2026-06-11T11:30:21,75,75,968.930419921875,883.2020263671875,-0.6631,1.2704497296464e-311,-310.896
276,2026-06-11T11:30:22,75,75,979.9501342773438,900.7926025390625,-0.8503,0.0,-inf
277,2026-06-11T11:30:23,75,75,923.4321899414062,868.3468017578125,-0.9348,0.0,-inf
278,2026-06-11T11:30:24,75,75,961.5086669921875,889.6201782226562,-1.0833,6.234225647e-314,-313.205
279,2026-06-11T11:30:25,75,75,992.0842895507812,909.9945678710938,-0.8790,0.0,-inf
280,2026-06-11T11:30:26,75,75,1050.4107666015625,995.4415283203125,1.0023,0.0,-inf
281,2026-06-11T11:30:27,75,75,974.0978393554688,942.0617065429688,0.9520,0.0,-inf
282,2026-06-11T11:30:28,75,75,977.6805419921875,894.5579223632812,1.0281,3.494962538566521e-18,-17.4566
283,2026-06-11T11:30:29,75,75,973.5315551757812,896.4894409179688,0.9825,6.291158160118233e-18,-17.2013
284,2026-06-11T11:30:30,75,75,976.6034545898438,893.6371459960938,1.0002,2.519878297415657e-19,-18.5986
285,2026-06-11T11:30:31,75,75,994.6630859375,901.50732421875,1.1052,1.2896643217867449e-15,-14.8895
286,2026-06-11T11:30:32,75,75,977.2514038085938,914.2996215820312,1.0132,2.233019661583632e-19,-18.6511
287,2026-06-11T11:30:33,75,75,977.162841796875,919.09375,1.0732,4.287843965830794e-21,-20.3678
288,2026-06-11T11:30:34,75,75,985.6851196289062,898.801025390625,0.9166,1.659852249391957e-14,-13.7799
289,2026-06-11T11:30:35,75,75,972.990478515625,896.9130249023438,1.0679,1.2052356106795273e-23,-22.9189
290,2026-06-11T11:30:36,75,75,959.7800903320312,912.8397827148438,0.8779,6.474782483864159e-15,-14.1888
291,2026-06-11T11:30:37,75,75,975.0510864257812,918.9906616210938,1.1711,3.171653914513416e-16,-15.4987
292,2026-06-11T11:30:38,75,75,977.50927734375,920.5960693359375,0.9496,4.895146209093349e-21,-20.3102
293,2026-06-11T11:30:39,75,75,984.3721313476562,940.35546875,1.0407,4.388136435479136e-16,-15.3577
294,2026-06-11T11:30:40,75,75,985.1428833007812,933.1353149414062,0.8736,2.0127187650964792e-20,-19.6962
295,2026-06-11T11:30:41,75,75,987.0847778320312,934.0264892578125,1.0327,1.903469543806858e-23,-22.7205
296,2026-06-11T11:30:42,75,75,985.4688720703125,927.5001220703125,1.0543,2.5417559977193643e-17,-16.5949
297,2026-06-11T11:30:43,75,75,1004.9708251953125,933.9021606445312,0.2752,3.2382330374291964e-14,-13.4897
298,2026-06-11T11:30:44,75,75,1050.6744384765625,832.876220703125,0.0977,0.0,-inf
299,2026-06-11T11:30:45,75,75,1043.0166015625,908.0145263671875,-0.0101,0.0,-inf
300,2026-06-11T11:30:46,75,75,1049.5361328125,941.5838012695312,0.1083,0.0,-inf
301,2026-06-11T11:30:47,75,75,1044.3927001953125,855.3215942382812,0.0511,0.0,-inf
302,2026-06-11T11:30:48,75,75,1045.0146484375,885.0123901367188,-0.0287,0.0,-inf
303,2026-06-11T11:30:49,75,75,1045.00830078125,910.0072631835938,0.0615,0.0,-inf
304,2026-06-11T11:30:50,75,75,1044.8902587890625,853.9103393554688,-0.0226,0.0,-inf
305,2026-06-11T11:30:51,75,75,1046.1004638671875,922.0885620117188,0.0775,0.0,-inf
306,2026-06-11T11:30:52,75,75,1046.886962890625,840.9091796875,0.0712,0.0,-inf
307,2026-06-11T11:30:53,75,75,1044.147216796875,874.123291015625,-0.0267,0.0,-inf
308,2026-06-11T11:30:54,75,75,1046.4056396484375,927.47314453125,-0.0065,0.0,-inf
309,2026-06-11T11:30:55,75,75,1044.625732421875,805.4824829101562,0.0275,0.0,-inf
310,2026-06-11T11:30:56,75,75,1049.968505859375,895.9730834960938,0.0580,0.0,-inf
311,2026-06-11T11:30:57,75,75,1044.9686279296875,867.9739379882812,0.0254,0.0,-inf
312,2026-06-11T11:30:58,75,75,1044.64697265625,835.7175903320312,0.0249,0.0,-inf
313,2026-06-11T11:30:59,75,75,1051.3995361328125,915.3478393554688,0.0947,0.0,-inf
314,2026-06-11T11:31:00,75,75,1042.935302734375,809.9497680664062,-0.1260,0.0,-inf
315,2026-06-11T11:31:01,75,75,1048.054443359375,933.0485229492188,1.0377,0.0,-inf
316,2026-06-11T11:31:02,75,75,1040.8802490234375,994.3770141601562,1.0041,1.0533988014822309e-32,-31.9774
317,2026-06-11T11:31:03,75,75,1054.734130859375,1013.70556640625,1.0171,1.3736385877593718e-16,-15.8621
318,2026-06-11T11:31:04,75,75,1050.8812255859375,998.8870849609375,0.9773,3.7252228979599497e-16,-15.4288
319,2026-06-11T11:31:05,75,75,952.582763671875,831.6357421875,1.0050,4.196293893433313e-32,-31.3771
320,2026-06-11T11:31:06,75,75,983.9832153320312,872.985107421875,0.8047,1.9838185676548253e-16,-15.7025
321,2026-06-11T11:31:07,75,75,931.08935546875,817.9569702148438,1.0551,2.4260792381694113e-29,-28.6151
322,2026-06-11T11:31:08,75,75,958.1265258789062,866.1143188476562,0.8006,3.6872375823622856e-14,-13.4333
323,2026-06-11T11:31:09,75,75,958.8676147460938,879.8785400390625,1.1963,2.9632700361562976e-22,-21.5282
324,2026-06-11T11:31:10,75,75,965.2171630859375,882.1123657226562,0.9581,1.6548230600956122e-21,-20.7812
325,2026-06-11T11:31:11,75,75,960.44482421875,896.4818115234375,1.0829,1.9816295783202026e-17,-16.703
326,2026-06-11T11:31:12,75,75,964.5272216796875,883.6506958007812,1.1438,1.1088902054597286e-14,-13.9551
327,2026-06-11T11:31:13,75,75,967.2371215820312,899.1500244140625,0.9750,1.0632932842866442e-18,-17.9733
328,2026-06-11T11:31:14,75,75,978.335693359375,909.3825073242188,0.9040,2.6112612915688598e-17,-16.5831
329,2026-06-11T11:31:15,75,75,978.911865234375,895.9193725585938,0.9697,1.9216665118244268e-13,-12.7163
330,2026-06-11T11:31:16,75,75,984.5651245117188,896.5145874023438,1.0111,1.1005204553415015e-11,-10.9584
331,2026-06-11T11:31:17,75,75,973.4172973632812,898.3079833984375,0.9404,1.475092696281295e-25,-24.8312
332,2026-06-11T11:31:18,75,75,973.0807495117188,894.3170166015625,0.9147,4.627485829565671e-19,-18.3347
333,2026-06-11T11:31:19,75,75,986.4490966796875,904.3284912109375,0.9238,4.398461502655734e-14,-13.3567
334,2026-06-11T11:31:20,75,75,968.9196166992188,881.9268188476562,1.1781,1.6108886440592065e-18,-17.7929
335,2026-06-11T11:31:21,75,75,964.5912475585938,892.547119140625,1.0693,1.8938653284539114e-20,-19.7227
336,2026-06-11T11:31:22,75,75,967.3267822265625,897.37548828125,0.9635,1.3448500971055582e-11,-10.8713
337,2026-06-11T11:31:23,75,75,976.0853881835938,895.996337890625,1.0510,1.9068942265800335e-20,-19.7197
338,2026-06-11T11:31:24,75,75,970.8709106445312,898.0306396484375,1.0953,4.2169329180251567e-17,-16.375
339,2026-06-11T11:31:25,75,75,970.8096313476562,909.6956787109375,0.8821,1.8872110526232415e-18,-17.7242
340,2026-06-11T11:31:26,75,75,983.5025634765625,923.4718627929688,0.9741,7.086541357766444e-29,-28.1496
341,2026-06-11T11:31:27,75,75,984.062255859375,927.1165161132812,1.2015,7.434181742460863e-17,-16.1288
342,2026-06-11T11:31:28,0,0,97.04046630859375,91.0379638671875,1.0197,1.290345987733417e-13,-12.8893
343,2026-06-11T11:31:29,0,0,0.0,0.0,1.0208,0.00025018231466637455,-3.60174
344,2026-06-11T11:31:30,0,0,0.0,0.0,1.0184,0.00011395724923962545,-3.94326
345,2026-06-11T11:31:31,0,0,0.0,0.0,1.0227,0.00015957577261296272,-3.79703
346,2026-06-11T11:31:32,0,0,0.0,0.0,1.0191,3.16220373419569e-05,-4.50001
347,2026-06-11T11:31:33,0,0,0.0,0.0,1.0224,0.00043473269233811345,-3.36178
348,2026-06-11T11:31:34,0,0,0.0,0.0,1.0223,7.706619670389092e-05,-4.11314
349,2026-06-11T11:31:35,0,0,0.0,0.0,1.0215,0.0003458500620263629,-3.46111
350,2026-06-11T11:31:36,0,0,0.0,0.0,1.0229,2.018209008660783e-05,-4.69503
351,2026-06-11T11:31:37,0,0,0.0,0.0,1.0220,4.1042901935225004e-05,-4.38676
352,2026-06-11T11:31:38,0,0,0.0,0.0,1.0210,3.364192174167943e-05,-4.47312
353,2026-06-11T11:31:39,0,0,0.0,0.0,1.0203,0.00012022728155112574,-3.92
354,2026-06-11T11:31:40,0,0,0.0,0.0,1.0211,0.0009006932471459408,-3.04542
355,2026-06-11T11:31:41,0,0,0.0,0.0,1.0222,0.00014262128020955562,-3.84582
356,2026-06-11T11:31:42,0,0,0.0,0.0,1.0237,0.00025453842945404693,-3.59425
357,2026-06-11T11:31:43,0,0,0.0,0.0,1.0230,5.08988527791687e-05,-4.29329
358,2026-06-11T11:31:44,0,0,0.0,0.0,1.0211,0.0005636067634996603,-3.24902
359,2026-06-11T11:31:45,0,0,0.0,0.0,1.0203,0.0011111818273338455,-2.95421
360,2026-06-11T11:31:46,0,0,0.0,0.0,1.0083,4.84251023171444e-05,-4.31493
361,2026-06-11T11:31:47,0,0,0.0,0.0,1.0211,0.0012462673916427615,-2.90439
362,2026-06-11T11:31:48,0,0,0.0,0.0,1.0224,0.00019649960726347165,-3.70664
363,2026-06-11T11:31:49,0,0,0.0,0.0,1.0213,0.0008765358873543775,-3.05723
364,2026-06-11T11:31:50,0,0,0.0,0.0,1.0197,0.00017920587508442405,-3.74665
365,2026-06-11T11:31:51,0,0,0.0,0.0,1.0231,0.0007514934252897017,-3.12407
366,2026-06-11T11:31:52,0,0,0.0,0.0,1.0230,0.00016781519776443255,-3.77517
367,2026-06-11T11:31:53,0,0,0.0,0.0,1.0217,0.0013868823442758826,-2.85796
368,2026-06-11T11:31:54,0,0,0.0,0.0,1.0225,0.00037054548274605923,-3.43116
369,2026-06-11T11:31:55,0,0,0.0,0.0,1.0226,0.0001932701630050987,-3.71384
370,2026-06-11T11:31:56,0,0,0.0,0.0,1.0215,0.00017317077096051924,-3.76153
